<?xml version="1.0"?>
<manifest>
  <main label="Edge_Insights_for_Industrial" version="2.6" id="60c862aeb3d614002abd9c6a" packageId="60ff8bed-7063-454e-878e-03f3eba3c52b" osId="5e81c3132ed228002ae08bc7"/>
  <default path="installation/common" esb_install="true" label="esb_common" id="5e8c4742e02f17002a2a6976"/>
  <project path="installation/src" id="5f21392e9e63c9002a6fd88d" version="20.10.5" label="Docker_Community_Edition_CE" esb_install="true"/>
  <project path="installation/src" id="60e327614c1e9d002a6d6a7a" version="1.29.0" label="Docker_Compose" esb_install="true"/>
  <project path="installation/src" id="60c726844b40e5002ad9b78b" version="2.6" label="IEdgeInsights"/>
  <project path="installation/src" id="60dae3b34472c4002a91d2d8" version="2.6" label="IEdgeInsights/EtcdUI"/>
  <project path="installation/src" id="60c726c84b40e5002ad9b78d" version="2.6" label="IEdgeInsights/common/util/c"/>
  <project path="installation/src" id="60c726ee4b40e5002ad9b78f" version="2.6" label="IEdgeInsights/common/libs/EIIMessageBus"/>
  <project path="installation/src" id="60c727184b40e5002ad9b791" version="2.6" label="IEdgeInsights/Samples"/>
  <project path="installation/src" id="60c854ba4b40e5002ad9b7cc" version="2.6" label="IEdgeInsights/common/video"/>
  <project path="installation/src" id="60c8549b4b40e5002ad9b7c9" version="2.6" label="IEdgeInsights/VideoAnalytics"/>
  <project path="installation/src" id="60c847e24b40e5002ad9b7bc" version="2.6" label="IEdgeInsights/VideoIngestion"/>
  <project path="installation/src" id="60c8507e4b40e5002ad9b7c3" version="2.6" label="IEdgeInsights/Visualizer"/>
  <project path="installation/src" id="60c850574b40e5002ad9b7c0" version="2.6" label="IEdgeInsights/WebVisualizer"/>
  <project path="installation/src" id="60c8502c4b40e5002ad9b7bf" version="2.6" label="IEdgeInsights/ImageStore"/>
  <project path="installation/src" id="60c854824b40e5002ad9b7c6" version="2.6" label="IEdgeInsights/CustomUdfs"/>
  <project path="installation/src" id="60c739334b40e5002ad9b7a0" version="2.6" label="IEdgeInsights/InfluxDBConnector"/>
  <project path="installation/src" id="60c73a174b40e5002ad9b7a8" version="2.6" label="IEdgeInsights/FactoryControlApp"/>
  <project path="installation/src" id="60c739934b40e5002ad9b7a7" version="2.6" label="IEdgeInsights/OpcuaExport"/>
  <project path="installation/src" id="60c73a864b40e5002ad9b7ab" version="2.6" label="IEdgeInsights/RestDataExport"/>
  <project path="installation/src" id="60c73b324b40e5002ad9b7af" version="2.6" label="IEdgeInsights/AzureBridge"/>
  <project path="installation/src" id="60c73ae14b40e5002ad9b7ac" version="2.6" label="IEdgeInsights/ZmqBroker"/>
  <project path="installation/src" id="60c85f764b40e5002ad9b7d1" version="2.6" label="IEdgeInsights/tools"/>
  <project path="installation/src" id="60c727ad4b40e5002ad9b795" version="2.6" label="eii_installer" esb_install="true"/>
</manifest>