{
  "name": "Get_data",
  "nodes": [
    {
      "parameters": {},
      "name": "Start",
      "type": "n8n-nodes-base.start",
      "typeVersion": 1,
      "position": [
        260,
        190
      ]
    },
    {
      "parameters": {
        "topics": "vaserving",
        "options": {}
      },
      "name": "MQTT Trigger",
      "type": "n8n-nodes-base.mqttTrigger",
      "typeVersion": 1,
      "position": [
        470,
        190
      ],
      "credentials": {
        "mqtt": {
          "id": "2",
          "name": "MQTT account"
        }
      }
    },
    {
      "parameters": {
        "operation": "append",
        "application": "appAsjQRGxYd5slJ7",
        "table": "vas_data",
        "options": {}
      },
      "name": "Airtable",
      "type": "n8n-nodes-base.airtable",
      "typeVersion": 1,
      "position": [
        1010,
        390
      ],
      "credentials": {
        "airtableApi": {
          "id": "3",
          "name": "Airtable account"
        }
      }
    },
    {
      "parameters": {
        "functionCode": "// Code here will run only once, no matter how many input items there are.\n// More info and help: https://docs.n8n.io/nodes/n8n-nodes-base.function\n\n// Loop over inputs and add a new field called 'myNewField' to the JSON of each one\n\n// You can write logs to the browser console\n\nlet count_val=0;\nvar obj = JSON.parse($node[\"MQTT Trigger\"].json[\"message\"])\nconst getCount = (elem) => {\nif(elem.detection.label_id === 1) {count_val++;}};\nobj.objects.forEach(getCount);\nconst newItems = [];\nnewItems.push({\njson: {\n  count: count_val\n}\n});\nreturn newItems;\n"
      },
      "name": "Function",
      "type": "n8n-nodes-base.function",
      "typeVersion": 1,
      "position": [
        860,
        -50
      ]
    },
    {
      "parameters": {
        "requestMethod": "POST",
        "url": "http://10.224.90.137:8086/write?db=intel",
        "allowUnauthorizedCerts": true,
        "jsonParameters": true,
        "options": {
          "bodyContentType": "raw"
        },
        "bodyParametersJson": "=person_counter,host=server01,region=us-west value 10"
      },
      "name": "Send to InfluxDB",
      "type": "n8n-nodes-base.httpRequest",
      "typeVersion": 1,
      "position": [
        1130,
        -50
      ],
      "disabled": true
    },
    {
      "parameters": {
        "requestMethod": "POST",
        "url": "http://10.224.90.137:8086/write?db=intel",
        "allowUnauthorizedCerts": true,
        "jsonParameters": true,
        "options": {
          "bodyContentType": "raw"
        },
        "bodyParametersJson": "=person_counter,host=server01,region=us-west value 10"
      },
      "name": "Send to InfluxDB1",
      "type": "n8n-nodes-base.httpRequest",
      "typeVersion": 1,
      "position": [
        1130,
        180
      ],
      "disabled": true
    },
    {
      "parameters": {
        "functionCode": "let count_val=0;\nvar obj = JSON.parse($node[\"MQTT Trigger\"].json[\"message\"])\nconst getCount = (elem) => {\nif(elem.detection.label_id === 1) {count_val++;}};\nobj.objects.forEach(getCount);\nconst newItems = [];\nnewItems.push({\njson: {\n  count: count_val\n}\n});\nreturn newItems;\n"
      },
      "name": "FunctionItem",
      "type": "n8n-nodes-base.functionItem",
      "typeVersion": 1,
      "position": [
        870,
        180
      ]
    }
  ],
  "connections": {
    "MQTT Trigger": {
      "main": [
        [
          {
            "node": "Airtable",
            "type": "main",
            "index": 0
          },
          {
            "node": "Function",
            "type": "main",
            "index": 0
          },
          {
            "node": "FunctionItem",
            "type": "main",
            "index": 0
          }
        ]
      ]
    },
    "Function": {
      "main": [
        [
          {
            "node": "Send to InfluxDB",
            "type": "main",
            "index": 0
          }
        ]
      ]
    },
    "Send to InfluxDB1": {
      "main": [
        []
      ]
    },
    "FunctionItem": {
      "main": [
        [
          {
            "node": "Send to InfluxDB1",
            "type": "main",
            "index": 0
          }
        ]
      ]
    }
  },
  "active": true,
  "settings": {},
  "id": 1
}