{
  "name": "Start VAS",
  "nodes": [
    {
      "parameters": {},
      "name": "Start",
      "type": "n8n-nodes-base.start",
      "typeVersion": 1,
      "position": [
        -260,
        250
      ]
    },
    {
      "parameters": {
        "pipeline": "person_detection",
        "operation": "start",
        "uri": "https://github.com/intel-iot-devkit/sample-videos/raw/master/store-aisle-detection.mp4",
        "parameters": {}
      },
      "name": "IntelVAS",
      "type": "n8n-nodes-base.intelvas",
      "typeVersion": 1,
      "position": [
        50,
        250
      ],
      "credentials": {
        "intelVASApi": {
          "id": "1",
          "name": "Intel VAS account"
        }
      }
    }
  ],
  "connections": {
    "Start": {
      "main": [
        [
          {
            "node": "IntelVAS",
            "type": "main",
            "index": 0
          }
        ]
      ]
    }
  },
  "active": false,
  "settings": {},
  "id": 3
}